title,text
India launches new satellite,India successfully launched a new communication satellite from Sriharikota to improve internet connectivity and disaster management services.
AI transforming healthcare,Artificial Intelligence is transforming healthcare through disease prediction medical imaging and personalized treatment systems.
Global climate summit begins,World leaders gathered at the global climate summit to discuss carbon emissions renewable energy and sustainable development goals.
New electric vehicle unveiled,A leading automobile company unveiled a new electric vehicle with improved battery life and fast charging technology.
Cricket team wins championship,The national cricket team won the international championship after defeating the defending champions in the final match.
Breakthrough in cancer research,Scientists announced a breakthrough in cancer research with a new therapy showing promising results in clinical trials.
Stock market reaches record high,The stock market reached a record high driven by strong earnings reports and increased investor confidence.
Space tourism gains popularity,Space tourism is gaining popularity as private companies offer commercial flights for civilians to experience space travel.
Heavy rainfall causes flooding,Heavy rainfall in several regions caused flooding disrupting transportation and forcing residents to evacuate affected areas.
Cybersecurity threats increasing,Cybersecurity experts warn that ransomware phishing and malware attacks are increasing across industries worldwide.
New smartphone released,A technology company released its latest smartphone featuring advanced cameras artificial intelligence and enhanced battery performance.
Renewable energy investments rise,Investments in renewable energy projects have increased significantly due to growing environmental awareness and government incentives.
Scientists discover new species,Scientists discovered a new species of marine life during an expedition to explore deep ocean ecosystems.
Education adopts online learning,Educational institutions are increasingly adopting online learning platforms to provide flexible and accessible education.
Tourism industry recovers,The tourism industry is recovering as travel restrictions ease and international visitors return to popular destinations.
Researchers develop quantum computer,Researchers developed a quantum computer prototype capable of solving complex problems faster than classical computers.
Agricultural output increases,Agricultural output increased this year due to favorable weather conditions and improved farming technologies.
India expands digital services,India is expanding digital government services to improve transparency efficiency and citizen engagement.
Sports league announces new season,The sports league announced its new season schedule with exciting matches and updated tournament formats.
Artificial intelligence boosts business,Artificial intelligence helps businesses automate operations improve customer experience and enhance decision making.
Scientists study climate change,Scientists continue to study climate change and its effects on ecosystems weather patterns and biodiversity.
Government launches health scheme,The government launched a new health scheme to provide affordable healthcare services to rural communities.
Researchers improve battery technology,Researchers developed advanced battery technology that offers faster charging and longer lifespan for electric vehicles.
New airport inaugurated,A new international airport was inaugurated to improve transportation infrastructure and support economic growth.
Machine learning advances rapidly,Machine learning technologies are advancing rapidly with applications in finance healthcare education and autonomous systems.